"","osm_id","name","addr:city","addr:full","addr:housenumber","addr:postcode","addr:street","alt_name","amenity","area","atm","building","building:levels","building:name","building_name","description","email","fax","leisure","level","name:es","name:it","old_name","opening_hours","operator","phone","place","source","townhall:type","website","wheelchair","geometry"
"83509972","83509972","Municipalidad de Montes de Oca","San Pedro",NA,NA,NA,"Avenida 1",NA,"townhall",NA,NA,"yes","3",NA,NA,NA,NA,NA,NA,NA,NA,NA,NA,NA,NA,NA,NA,"KG Ground Survey 2015",NA,NA,NA,list(c(-84.0525504, -84.0524618, -84.0526893, -84.0527382, -84.0528267, -84.0525504, 9.93306, 9.9333026, 9.9333831, 9.9334005, 9.9331578, 9.93306))
"89166186","89166186","Municipalidad de San José","San José",NA,"0227","10103","Avenida 10 San Martín",NA,"townhall",NA,NA,"yes","6",NA,"Edificio José Figueres Ferrer",NA,NA,NA,NA,NA,NA,NA,NA,NA,NA,NA,NA,NA,"city",NA,NA,list(c(-84.0949992, -84.0944511, -84.0945245, -84.0950726, -84.0949992, 9.9316169, 9.9314148, 9.9312216, 9.9314236, 9.9316169))
"107896431","107896431","Municipalidad de Nicoya","Nicoya",NA,NA,NA,"Avenida 2",NA,"townhall",NA,NA,"yes",NA,NA,NA,NA,NA,NA,NA,NA,NA,NA,NA,NA,NA,NA,NA,NA,NA,NA,NA,list(c(-85.4539355, -85.4537245, -85.4536356, -85.4538466, -85.4539355, 10.1419478, 10.142007, 10.1417001, 10.1416409, 10.1419478))
"108166359","108166359","Municipalidad de Hojancha","Hojancha",NA,NA,NA,"Avenida 1",NA,"townhall",NA,NA,"yes",NA,NA,NA,NA,NA,NA,NA,NA,NA,NA,NA,NA,NA,NA,NA,NA,NA,NA,NA,list(c(-85.4180057, -85.417907, -85.4179053, -85.417754, -85.4177776, -85.4180987, -85.4180915, -85.4179092, -85.4179074, -85.4180205, -85.4180057, 10.0590168, 10.059004, 10.0590306, 10.0590232, 10.0587093, 10.0587318, 10.0588364, 10.0588128, 10.0588678, 10.0588801, 10.0590168))
"108188340","108188340","Municipalidad de Nandayure","Carmona",NA,NA,NA,"Calle 1",NA,"townhall",NA,NA,"yes",NA,NA,NA,NA,NA,NA,NA,NA,NA,NA,NA,NA,NA,NA,NA,NA,NA,NA,NA,list(c(-85.2517418, -85.2514981, -85.2515221, -85.2517658, -85.2517418, 9.9952446, 9.9952156, 9.9950201, 9.9950491, 9.9952446))
"113552130","113552130","Municipalidad de Buenos Aires","Buenos Aires",NA,NA,NA,"Avenida 1",NA,"townhall",NA,NA,"yes",NA,NA,NA,NA,NA,NA,NA,NA,"Municipalidad de Buenos Aires","Municipio di Buenos Aires",NA,NA,NA,NA,NA,NA,NA,NA,NA,list(c(-83.3357353, -83.3357216, -83.3357749, -83.3357654, -83.3356548, -83.3356627, -83.3354868, -83.3354929, -83.3355374, -83.3355504, -83.3357413, -83.3357353, 9.1726798, 9.1728163, 9.1728199, 9.1729027, 9.1728912, 9.1728308, 9.1728097, 9.1727265, 9.1727321, 9.1725874, 9.1726038, 9.1726798))
"116575612","116575612","Municipalidad de Moravia","San Vicente",NA,NA,NA,"Avenida 63",NA,"townhall",NA,NA,"yes",NA,NA,NA,NA,NA,NA,NA,NA,NA,NA,NA,NA,NA,NA,NA,NA,NA,NA,NA,list(c(-84.0476222, -84.0478617, -84.0478357, -84.0473722, -84.0474093, -84.0476343, -84.0476222, 9.9608503, 9.9608778, 9.9610971, 9.9610469, 9.9606723, 9.9606952, 9.9608503))
"129611823","129611823","Municipalidad de Puriscal","Santiago",NA,NA,NA,"Avenida 1",NA,"townhall",NA,NA,"yes",NA,NA,NA,NA,NA,NA,NA,NA,NA,NA,NA,NA,NA,NA,NA,NA,NA,NA,NA,list(c(-84.314536, -84.3145258, -84.3143677, -84.3143595, -84.3144397, -84.3146181, -84.314588, -84.314536, 9.8476958, 9.8476956, 9.8476921, 9.8476919, 9.8470435, 9.8470572, 9.8472909, 9.8476958))
"129800769","129800769","Municipalidad de Turrialba","Turrialba",NA,NA,NA,"Calle 1",NA,"townhall",NA,NA,"yes",NA,NA,NA,NA,NA,NA,NA,NA,NA,NA,NA,NA,NA,NA,NA,NA,"municipality",NA,NA,list(c(-83.683975, -83.6838276, -83.6836525, -83.6838, -83.683975, 9.9066654, 9.9067539, 9.9064708, 9.9063823, 9.9066654))
"130590433","130590433","Municipalidad de Siquirres","Siquirres",NA,NA,NA,"Calle 2",NA,"townhall",NA,NA,"yes",NA,NA,NA,NA,NA,NA,NA,NA,NA,NA,NA,NA,NA,NA,NA,"KG Ground Survey 2015",NA,NA,NA,list(c(-83.5058674, -83.5056263, -83.5055376, -83.5057787, -83.5058674, 10.0983809, 10.0982563, 10.0984228, 10.0985473, 10.0983809))
"130607485","130607485","Municipalidad de Alvarado","Pacayas",NA,NA,NA,"Calle 6",NA,"townhall",NA,NA,"yes",NA,NA,NA,NA,NA,NA,NA,NA,NA,NA,NA,NA,NA,NA,NA,NA,NA,NA,NA,list(c(-83.8106794, -83.8106602, -83.8106581, -83.8108769, -83.8108968, -83.8108174, -83.8108162, -83.8107848, -83.8107875, -83.8105563, -83.8105408, -83.8106271, -83.8106794, 9.9164364, 9.9165908, 9.9166323, 9.9166531, 9.9163596, 9.9163525, 9.9163292, 9.9163297, 9.9162374, 9.9162185, 9.91642, 9.9164302, 9.9164364))
"130819618","130819618","Municipalidad de Tibás","San Juan",NA,NA,NA,"Avenida 63",NA,"townhall",NA,NA,"yes",NA,NA,NA,NA,NA,NA,NA,NA,NA,NA,NA,NA,NA,NA,NA,"KG Ground Survey 2015",NA,NA,NA,list(c(-84.0785721, -84.0785669, -84.0783679, -84.0783731, -84.0785721, 9.9624086, 9.9626237, 9.962619, 9.962404, 9.9624086))
"130921725","130921725","Municipalidad de Tarrazú","San Marcos",NA,NA,NA,"Avenida Central",NA,"townhall",NA,NA,"yes",NA,NA,NA,NA,NA,NA,NA,NA,NA,NA,NA,NA,NA,NA,NA,NA,NA,NA,NA,list(c(-84.0218461, -84.0216612, -84.0216932, -84.0218687, -84.0218461, 9.6589786, 9.658959, 9.6587047, 9.6587193, 9.6589786))
"138603242","138603242","Municipalidad de Golfito","Golfito",NA,NA,NA,"Avenida 1",NA,"townhall",NA,NA,"yes",NA,NA,NA,NA,NA,NA,NA,NA,NA,NA,NA,NA,NA,NA,NA,NA,NA,NA,NA,list(c(-83.1540414, -83.1538221, -83.1536338, -83.1538532, -83.1540414, 8.6254818, 8.6252199, 8.6253742, 8.6256359, 8.6254818))
"146839589","146839589","Municipalidad de Cartago","Oriental",NA,NA,NA,"Avenida Central",NA,"townhall",NA,NA,"yes",NA,NA,NA,NA,NA,NA,"common",NA,NA,NA,NA,NA,NA,NA,NA,NA,NA,NA,NA,list(c(-83.9209941, -83.9202001, -83.9202407, -83.9210347, -83.9209941, 9.8651587, 9.8650587, 9.8647461, 9.8648461, 9.8651587))
"158321640","158321640","Municipalidad de Liberia","Liberia",NA,NA,NA,"Calle 2",NA,"townhall",NA,NA,"yes",NA,NA,NA,NA,NA,NA,NA,NA,NA,NA,NA,NA,NA,NA,NA,"KG Ground Survey 2015",NA,NA,NA,list(c(-85.4387417, -85.4385905, -85.4385454, -85.4388585, -85.4390352, -85.4387417, 10.6307375, 10.6304302, 10.6303441, 10.6302226, 10.6306029, 10.6307375))
"172540195","172540195","Municipalidad de Curridabat","Curridabat",NA,NA,"11801",NA,NA,"townhall",NA,NA,"government",NA,NA,NA,NA,NA,NA,NA,NA,NA,NA,NA,"Mo-Fr 07:30-16:00",NA,"+506 2216 5200",NA,"KG Ground Survey 2015",NA,"https://www.curridabat.go.cr/","yes",list(c(-84.035497, -84.0355076, -84.0357542, -84.0357436, -84.035497, 9.9158103, 9.9155943, 9.915606, 9.915822, 9.9158103))
"172560878","172560878","Municipalidad de Paraíso","Paraíso",NA,NA,NA,"Avenida 0",NA,"townhall",NA,NA,"yes",NA,NA,NA,NA,NA,NA,NA,NA,NA,NA,NA,NA,NA,NA,NA,"KG Ground Survey 2015",NA,NA,NA,list(c(-83.8658067, -83.8658112, -83.8656363, -83.8656083, -83.8657469, -83.8657607, -83.8658098, -83.8657964, -83.8659237, -83.8659467, -83.8658067, 9.8392312, 9.8391867, 9.8391694, 9.8394441, 9.8394578, 9.8393223, 9.8393272, 9.8394587, 9.8394713, 9.839245, 9.8392312))
"172622497","172622497","Municipalidad de Oreamuno","San Rafael",NA,NA,NA,"Avenida 9A",NA,"townhall","yes",NA,"yes",NA,NA,NA,NA,NA,NA,NA,NA,NA,NA,NA,NA,NA,NA,NA,NA,NA,NA,NA,list(c(-83.9044341, -83.9041303, -83.9041525, -83.9044562, -83.9044341, 9.8688802, 9.8688478, 9.8686462, 9.8686786, 9.8688802))
"173056913","173056913","Municipalidad de San Carlos","Quesada","La Municipalidad de San Carlos",NA,NA,"Avenida 2",NA,"townhall",NA,NA,"yes",NA,NA,NA,NA,NA,NA,NA,NA,NA,NA,NA,NA,NA,NA,NA,NA,NA,NA,NA,list(c(-84.4308965, -84.4308918, -84.4306331, -84.4306379, -84.4308965, 10.3226916, 10.3223589, 10.3223625, 10.3226952, 10.3226916))
"189423072","189423072","Municipalidad de Alajuelita","Alajuelita",NA,NA,NA,"Avenida 68",NA,"townhall",NA,NA,"yes",NA,NA,NA,NA,NA,NA,NA,NA,NA,NA,NA,NA,NA,NA,NA,NA,"municipality",NA,NA,list(c(-84.1004038, -84.1004518, -84.1001906, -84.1001427, -84.1004038, 9.9032303, 9.9034595, 9.9035125, 9.9032833, 9.9032303))
"195220788","195220788","Municipalidad de Carrillo","Filadelfia",NA,NA,NA,"Avenida 3","Municipalidad","townhall",NA,NA,"yes",NA,NA,NA,NA,NA,NA,NA,NA,NA,NA,NA,NA,NA,NA,NA,NA,NA,NA,NA,list(c(-85.5519221, -85.5518463, -85.5514975, -85.5515733, -85.5519221, 10.4469943, 10.4466777, 10.4467585, 10.4470751, 10.4469943))
"197459616","197459616","Salón Comunal",NA,NA,NA,NA,NA,NA,"townhall",NA,NA,"yes",NA,NA,NA,NA,NA,NA,NA,NA,NA,NA,NA,NA,NA,NA,NA,NA,NA,NA,NA,list(c(-83.676265, -83.6762588, -83.676087, -83.6760932, -83.676265, 9.9652357, 9.9650907, 9.9650978, 9.9652428, 9.9652357))
"215422841","215422841","Municipalidad de Santa Cruz","Santa Cruz",NA,NA,NA,"Corredor Chorotega",NA,"townhall",NA,NA,"yes",NA,NA,NA,NA,NA,NA,NA,NA,NA,NA,NA,NA,NA,NA,NA,"KG Ground Survey 2015","city",NA,NA,list(c(-85.5710922, -85.5712756, -85.5710739, -85.5708906, -85.5710922, 10.2690318, 10.268774, 10.2686351, 10.2688929, 10.2690318))
"222525637","222525637","Alcaldía Municipal de San Juan de Nicaragua","San Juan de Nicaragua",NA,NA,NA,NA,"Alcaldía de San Juan de Nicaragua","townhall",NA,NA,"yes",NA,NA,NA,NA,NA,NA,NA,NA,NA,NA,NA,NA,NA,NA,NA,NA,NA,NA,NA,list(c(-83.7354389, -83.7352942, -83.7354253, -83.73557, -83.7354389, 10.9489818, 10.9488516, 10.9487111, 10.9488412, 10.9489818))
"232194006","232194006","Municipalidad de Puntarenas","Puntarenas",NA,NA,"60101","Calle 9",NA,"townhall",NA,NA,"yes","2",NA,NA,NA,NA,NA,NA,NA,NA,NA,NA,NA,NA,NA,NA,NA,"city",NA,NA,list(c(-84.8365015, -84.8362575, -84.8362421, -84.8364947, -84.8365015, 9.9768601, 9.9768744, 9.9763408, 9.9763345, 9.9768601))
"258375337","258375337","Municipalidad de Quepos","Quepos",NA,NA,NA,"Calle Central",NA,"townhall",NA,NA,"yes",NA,NA,NA,NA,NA,NA,NA,NA,NA,NA,NA,NA,NA,NA,NA,"KG Ground Survey 2015",NA,NA,NA,list(c(-84.1626879, -84.1624788, -84.1624841, -84.162693, -84.1626879, 9.4313796, 9.4313725, 9.4312226, 9.4312297, 9.4313796))
"258427082","258427082","Municipalidad de Jiménez","Juan Viñas",NA,NA,NA,"Calle 2",NA,"townhall",NA,NA,"yes",NA,NA,NA,NA,NA,NA,NA,NA,NA,NA,NA,NA,NA,NA,NA,"KG Ground Survey 2015",NA,NA,NA,list(c(-83.746532, -83.7465331, -83.7462715, -83.7462703, -83.746532, 9.8931822, 9.8933114, 9.8933137, 9.8931845, 9.8931822))
"264202703","264202703","Municipalidad de Corredores","Corredor",NA,NA,NA,"Avenida 7",NA,"townhall",NA,NA,"yes",NA,NA,NA,NA,NA,NA,NA,NA,NA,NA,NA,NA,NA,NA,NA,NA,NA,NA,NA,list(c(-82.9421654, -82.9420931, -82.9419355, -82.941846, -82.9414154, -82.9414027, -82.9421654, 8.6492326, 8.6489455, 8.6489529, 8.6489598, 8.6489293, 8.6492033, 8.6492326))
"264213361","264213361",NA,NA,NA,NA,NA,NA,NA,NA,NA,NA,NA,NA,NA,NA,NA,NA,NA,NA,NA,NA,NA,NA,NA,NA,NA,NA,NA,NA,NA,NA,list(c(-83.5324663, -83.5320023, -83.5321319, -83.5321966, -83.5322814, -83.532179, -83.532274, -83.5322924, -83.5323526, -83.5324674, -83.5324218, -83.5324468, -83.532421, -83.5324663, -83.5325411, -83.5325593, -83.5325319, -83.5325632, -83.5325975, -83.5326333, -83.532729, -83.5326643, -83.5326003, -83.5325694, -83.5324009, -83.5324464, -83.5324186, -83.5325311, -83.5324663, 8.9792049, 8.9789611, 8.9787314, 8.9786683, 8.9787098, 8.9789268, 8.9789646, 8.9789112, 8.9789381, 8.9787406, 8.9787115, 
8.9786713, 8.9786552, 8.9785749, 8.978616, 8.9785829, 8.9785577, 8.9785078, 8.9785293, 8.9784731, 8.9785323, 8.9786177, 8.9785802, 8.9786321, 8.9789364, 8.9789606, 8.9790222, 8.979087, 8.9792049))
"266855540","266855540","Municipalidad de San Mateo","San Mateo",NA,NA,NA,"Calle 2",NA,"townhall",NA,NA,"yes",NA,NA,NA,NA,NA,NA,NA,NA,NA,NA,NA,NA,NA,NA,NA,NA,NA,NA,NA,list(c(-84.5229257, -84.5228347, -84.5226096, -84.5227007, -84.5229257, 9.9359091, 9.9355991, 9.9356632, 9.9359732, 9.9359091))
"266862650","266862650","Municipalidad de Esparza","Espíritu Santo",NA,NA,"60201","Calle 2",NA,"townhall",NA,NA,"yes",NA,NA,NA,NA,"info@muniesparza.go.cr","+506 2636-0130",NA,NA,NA,NA,NA,NA,NA,"+506 2636-0100",NA,"KG Ground Survey 2015",NA,"https://www.muniesparza.go.cr/",NA,list(c(-84.6679402, -84.6677147, -84.6675985, -84.667824, -84.6679402, 9.9915759, 9.9914877, 9.9917759, 9.9918641, 9.9915759))
"269754860","269754860","Municipalidad de San Rafael","San Rafael",NA,NA,NA,"Avenida Central",NA,"townhall",NA,NA,"yes",NA,NA,NA,NA,NA,NA,NA,NA,NA,NA,NA,NA,NA,NA,NA,NA,"municipality",NA,NA,list(c(-84.1001382, -84.1001802, -84.1000719, -84.100061, -84.1000042, -84.0999731, -84.1001382, 10.014301, 10.0138576, 10.0138477, 10.0139632, 10.0139579, 10.0142858, 10.014301))
"270480095","270480095","Municipalidad de Montes de Oro","Miramar",NA,NA,NA,"Calle 1",NA,"townhall",NA,NA,"yes",NA,NA,NA,NA,NA,NA,NA,NA,"Municipalidad de Montes de Oro","Municipio di Montes de Oro",NA,NA,NA,NA,NA,NA,"municipality",NA,NA,list(c(-84.7292211, -84.7292662, -84.7290468, -84.728977, -84.7292211, 10.092033, 10.0917828, 10.0917208, 10.0919797, 10.092033))
"270508953","270508953","Municipalidad de León Cortés Castro","San Pablo",NA,NA,NA,"Avenida 1",NA,"townhall",NA,NA,"yes",NA,NA,NA,NA,NA,NA,NA,NA,NA,NA,NA,NA,NA,"+506 2546 1201",NA,NA,NA,NA,NA,list(c(-84.0417839, -84.0421313, -84.0418539, -84.041493, -84.0417685, -84.0417839, 9.6839686, 9.6836674, 9.6833626, 9.6837108, 9.6839813, 9.6839686))
"285776194","285776194",NA,NA,NA,NA,NA,NA,NA,NA,NA,NA,NA,NA,NA,NA,NA,NA,NA,NA,NA,NA,NA,NA,NA,NA,NA,NA,NA,NA,NA,NA,list(c(-83.2898502, -83.2897678, -83.2897372, -83.2895155, -83.289302, -83.289602, -83.2898502, 10.0766023, 10.076558, 10.0766107, 10.0764928, 10.0768789, 10.077053, 10.0766023))
"288248495","288248495","Municipalidad de Orotina","Orotina",NA,NA,NA,"Avenida Central",NA,"townhall",NA,NA,"yes",NA,NA,NA,NA,NA,NA,NA,NA,NA,NA,NA,NA,NA,NA,NA,NA,NA,NA,NA,list(c(-84.5240089, -84.524076, -84.5238888, -84.5238217, -84.5240089, 9.9113256, 9.9109835, 9.9109478, 9.91129, 9.9113256))
"306951981","306951981","Municipalidad de Los Chiles","Los Chiles",NA,NA,"21401","Avenida Central",NA,"townhall",NA,NA,"yes",NA,NA,NA,NA,NA,NA,NA,NA,NA,NA,NA,NA,NA,NA,NA,NA,NA,NA,NA,list(c(-84.7174759, -84.7171947, -84.7170322, -84.7173134, -84.7174759, 11.0306079, 11.0307774, 11.0305178, 11.0303482, 11.0306079))
"323556006","323556006","Oficinas Municipales. Municipalidad de Garabito",NA,NA,NA,NA,NA,NA,"townhall",NA,NA,"yes",NA,NA,NA,"https://munigarabito.maps.arcgis.com/home/index.html",NA,NA,NA,NA,NA,NA,NA,NA,"Gobierno Local",NA,NA,NA,"city",NA,NA,list(c(-84.6228812, -84.6227827, -84.6225651, -84.6225541, -84.6228592, -84.6228812, 9.6094982, 9.6095297, 9.6095864, 9.60954, 9.609445, 9.6094982))
"324526478","324526478","Municipalidad de Vázquez de Coronado","San Isidro",NA,NA,NA,"Avenida 93",NA,"townhall",NA,NA,"yes",NA,NA,NA,NA,NA,NA,NA,NA,NA,NA,NA,NA,NA,NA,NA,"KG Ground Survey 2015","municipality",NA,NA,list(c(-84.0072861, -84.0076337, -84.0076049, -84.0075218, -84.007448, -84.0074373, -84.0072755, -84.0072861, 9.9765309, 9.9765669, 9.9767467, 9.9768299, 9.976752, 9.9767494, 9.9767315, 9.9765309))
"325316850","325316850","Municipalidad de Alajuela","Alajuela",NA,NA,NA,"Avenida Central",NA,"townhall",NA,NA,"yes","5",NA,NA,NA,NA,NA,NA,NA,NA,"Municipio di Alajuela",NA,NA,NA,NA,NA,NA,"municipality",NA,NA,list(c(-84.2102122, -84.2103784, -84.2103051, -84.2102868, -84.2101947, -84.2101692, -84.210143, -84.2101451, -84.2101761, -84.2102122, 10.0174414, 10.0173965, 10.0171379, 10.0171432, 10.0171701, 10.0171776, 10.0172181, 10.0172249, 10.0173251, 10.0174414))
"328050282","328050282",NA,NA,NA,NA,NA,NA,NA,NA,NA,NA,NA,NA,NA,NA,NA,NA,NA,NA,NA,NA,NA,NA,NA,NA,NA,NA,NA,NA,NA,NA,list(c(-84.1597955, -84.1596134, -84.1597063, -84.1597615, -84.1597424, -84.1598626, -84.1597955, 10.0373215, 10.0373852, 10.0376205, 10.0376033, 10.0375401, 10.0374984, 10.0373215))
"342375950","342375950","Municipalidad de Sarapiquí","Puerto Viejo",NA,NA,NA,NA,NA,"townhall",NA,NA,NA,NA,NA,NA,NA,NA,NA,NA,NA,NA,NA,NA,NA,NA,NA,NA,NA,NA,NA,NA,list(c(-84.0142593, -84.0143193, -84.0130293, -84.012554, -84.0127828, -84.0130798, -84.0134239, -84.0142593, 10.4502552, 10.4497812, 10.4496572, 10.4498546, 10.4503414, 10.4502253, 10.4501729, 10.4502552))
"358271176","358271176","Municipalidad de Flores","San Joaquín",NA,NA,NA,"Avenida Central",NA,"townhall",NA,NA,"yes",NA,NA,NA,NA,NA,NA,NA,NA,NA,NA,NA,"08:00 - 15:00",NA,"+506 2265 7125",NA,NA,"municipality",NA,NA,list(c(-84.1521667, -84.1522028, -84.1522089, -84.1522167, -84.1520324, -84.1519762, -84.1521667, 10.0030631, 10.0028175, 10.0027761, 10.0027232, 10.0026962, 10.0030317, 10.0030631))
"364555464","364555464","Plantel y Bodega de la Municipalidad de Curridabat",NA,NA,NA,NA,NA,NA,"townhall",NA,NA,"yes","2",NA,NA,NA,NA,NA,NA,NA,NA,NA,NA,NA,NA,"+506 22500474",NA,NA,NA,NA,NA,list(c(-84.0501715, -84.0496735, -84.0495415, -84.0495355, -84.0489997, -84.049715, -84.0501326, -84.0501715, 9.9119741, 9.9119224, 9.9119185, 9.9115679, 9.9114774, 9.9110363, 9.9118068, 9.9119741))
"365220393","365220393","Municipalidad de Atenas","Atenas",NA,NA,NA,"Calle Central",NA,"townhall",NA,NA,"yes",NA,NA,NA,NA,NA,NA,NA,NA,NA,NA,NA,NA,NA,NA,NA,NA,NA,NA,NA,list(c(-84.3805711, -84.3803101, -84.380311, -84.380386, -84.380572, -84.3805711, 9.9795517, 9.9795508, 9.9792862, 9.9792864, 9.9792871, 9.9795517))
"367393091","367393091","Municipalidad de Belén","San Antonio",NA,NA,NA,"Calle 152",NA,"townhall",NA,NA,"yes",NA,NA,NA,NA,NA,NA,NA,NA,NA,NA,NA,NA,NA,NA,NA,NA,NA,NA,NA,list(c(-84.1852922, -84.1853198, -84.1854979, -84.1855169, -84.1852035, -84.1851534, -84.1852922, 9.9790711, 9.9791876, 9.9791498, 9.9792448, 9.9793137, 9.9790995, 9.9790711))
"368176077","368176077","Municipalidad de Guácimo","Guácimo",NA,NA,NA,"Calle 1",NA,"townhall",NA,NA,"yes",NA,NA,NA,NA,NA,NA,NA,NA,NA,NA,NA,NA,NA,NA,NA,NA,NA,NA,NA,list(c(-83.6818601, -83.6815074, -83.681553, -83.6819017, -83.6818601, 10.2091173, 10.2090791, 10.2087332, 10.2087623, 10.2091173))
"379857302","379857302","Municipalidad de Santa Ana","Santa Ana",NA,NA,NA,"Calle Central",NA,"townhall",NA,NA,NA,NA,NA,NA,NA,NA,NA,NA,NA,NA,NA,NA,NA,NA,NA,NA,"KG Ground Survey 2015",NA,NA,NA,list(c(-84.1813323, -84.1812617, -84.1812547, -84.181002, -84.181037, -84.1812538, -84.1812361, -84.1813427, -84.1813323, 9.9333693, 9.933364, 9.9334542, 9.9334352, 9.9329849, 9.9330013, 9.9332286, 9.9332367, 9.9333693))
"380631180","380631180","Municipalidad de Desamparados","Desamparados",NA,NA,NA,"Avenida 82",NA,"townhall",NA,NA,"yes",NA,NA,NA,NA,NA,NA,NA,NA,NA,NA,NA,NA,NA,NA,NA,"KG Ground Survey 2015",NA,NA,NA,list(c(-84.0655509, -84.065322, -84.0648396, -84.0646964, -84.0645615, -84.0648039, -84.0649195, -84.0650612, -84.0655509, 9.8987799, 9.8991696, 9.8988947, 9.8991384, 9.8990615, 9.898659, 9.8987279, 9.8984971, 9.8987799))
"381870056","381870056","Municipalidad de La Cruz","La Cruz",NA,NA,NA,"Calle Central",NA,"townhall",NA,NA,"yes",NA,NA,NA,NA,NA,NA,NA,NA,NA,NA,NA,NA,NA,NA,NA,NA,NA,NA,NA,list(c(-85.6344269, -85.6344014, -85.6344169, -85.6343936, -85.6344352, -85.6345446, -85.6345746, -85.634488, -85.634508, -85.6344269, 11.0739979, 11.074121, 11.0741276, 11.0742104, 11.0742188, 11.0742409, 11.0741112, 11.0740927, 11.0740131, 11.0739979))
"382759631","382759631","Municipalidad de El Guarco","El Tejar",NA,NA,NA,"Avenida 48",NA,"townhall",NA,NA,"yes",NA,NA,NA,NA,NA,NA,NA,NA,NA,NA,NA,NA,NA,NA,NA,NA,NA,NA,NA,list(c(-83.9388413, -83.9388653, -83.9389961, -83.9387662, -83.9386754, -83.9388413, 9.8456218, 9.8455871, 9.8451496, 9.8450571, 9.8454635, 9.8456218))
"384858106","384858106","Municipalidad de Río Cuarto","Río Cuarto",NA,NA,NA,"Calle Central",NA,"townhall",NA,NA,"yes",NA,NA,NA,NA,NA,NA,NA,NA,"Municipalidad de Río Cuarto","Municipio di Río Cuarto",NA,NA,NA,NA,NA,NA,NA,NA,NA,list(c(-84.2136526, -84.2135983, -84.2134377, -84.213492, -84.2136526, 10.3462373, 10.3463095, 10.3461925, 10.3461204, 10.3462373))
"389948980","389948980","Municipalidad de Monteverde","Monteverde",NA,NA,NA,"Vía 606",NA,"townhall",NA,NA,"yes",NA,NA,NA,NA,NA,NA,NA,NA,NA,NA,NA,NA,NA,NA,NA,"KG Ground Survey 2015",NA,NA,NA,list(c(-84.823935, -84.8238125, -84.8237083, -84.8237738, -84.8238308, -84.823935, 10.3179034, 10.317774, 10.3178694, 10.3179386, 10.3179988, 10.3179034))
"389986004","389986004","Municipalidad de Abangares","Las Juntas",NA,NA,NA,"Avenida 1",NA,"townhall",NA,NA,"yes",NA,NA,NA,NA,NA,NA,NA,NA,NA,NA,NA,NA,NA,NA,NA,"KG Ground Survey 2015",NA,NA,NA,list(c(-84.9585187, -84.9583595, -84.9583058, -84.958465, -84.9585187, 10.2805507, 10.2804528, 10.2805372, 10.2806352, 10.2805507))
"390281126","390281126","Municipalidad de Bagaces","Bagaces",NA,NA,NA,"Calle 2",NA,"townhall",NA,NA,"yes",NA,NA,NA,NA,NA,NA,NA,NA,NA,NA,NA,NA,NA,NA,NA,"KG Ground Survey 2015",NA,NA,NA,list(c(-85.2554974, -85.2554763, -85.2552692, -85.2552904, -85.2554359, -85.2554974, 10.5263394, 10.5264416, 10.5264001, 10.526298, 10.5263271, 10.5263394))
"394692820","394692820","Municipalidad de Barva","Barva",NA,NA,NA,"Calle 2",NA,"townhall",NA,NA,"yes",NA,NA,NA,NA,NA,NA,NA,NA,NA,NA,NA,NA,NA,NA,NA,"KG Ground Survey 2015",NA,NA,NA,list(c(-84.1245765, -84.1245285, -84.1245654, -84.1246598, -84.1247232, -84.124805, -84.1248832, -84.1249604, -84.1249337, -84.1251627, -84.1251727, -84.1252873, -84.125305, -84.1250144, -84.1250159, -84.1249571, -84.1249738, -84.1248416, -84.1245765, 10.0207997, 10.0204436, 10.0204364, 10.020418, 10.0204128, 10.0203991, 10.020387, 10.020375, 10.0202291, 10.0201982, 10.0203158, 10.020315, 10.0205032, 10.0205175, 10.0205475, 10.0205475, 10.0207547, 10.0207657, 10.0207997))
"406211000","406211000","Municipalidad de Acosta;Banco de Costa Rica","San Ignacio",NA,NA,NA,"Avenida 1",NA,"townhall;bank",NA,"yes","yes",NA,NA,NA,NA,NA,NA,NA,NA,NA,NA,NA,NA,NA,NA,NA,NA,NA,NA,NA,list(c(-84.1614832, -84.1613902, -84.1613742, -84.1614673, -84.1614832, 9.7990023, 9.798994, 9.799168, 9.7991763, 9.7990023))
"408476876","408476876","Municipalidad de Cañas","Cañas",NA,NA,NA,"Calle Central",NA,"townhall",NA,NA,"yes",NA,NA,NA,NA,NA,NA,NA,NA,NA,NA,NA,NA,NA,NA,NA,NA,NA,NA,NA,list(c(-85.091905, -85.0917731, -85.091599, -85.0916549, -85.0917273, -85.0917524, -85.0917198, -85.0917444, -85.0917774, -85.0918038, -85.091905, 10.4270205, 10.426719, 10.4267926, 10.4269204, 10.4268898, 10.4269472, 10.426961, 10.4270172, 10.4270032, 10.4270634, 10.4270205))
"419156935","419156935","Municipalidad de Pérez Zeledón","San Isidro de El General",NA,NA,"11901","Avenida 2",NA,"townhall",NA,NA,"yes",NA,NA,NA,NA,NA,NA,NA,NA,NA,"Municipio di Pérez Zeledón",NA,NA,NA,NA,NA,NA,NA,NA,NA,list(c(-83.7025693, -83.7028132, -83.7029621, -83.7027287, -83.7026231, -83.7025693, 9.3731863, 9.3732829, 9.3729299, 9.3728337, 9.3730803, 9.3731863))
"426849788","426849788","Municipalidad de La Unión","Tres Ríos",NA,NA,NA,"Avenida Central",NA,"townhall",NA,NA,"yes",NA,NA,NA,NA,NA,NA,NA,"2",NA,NA,NA,NA,NA,"25182121",NA,NA,NA,NA,NA,list(c(-83.9853965, -83.9853397, -83.9850545, -83.9851114, -83.9853965, 9.9081939, 9.9084738, 9.9084176, 9.9081377, 9.9081939))
"450693327","450693327","Municipalidad de Guatuso","San Rafael",NA,NA,NA,"Avenida 8",NA,"townhall",NA,NA,"yes",NA,NA,NA,NA,"alcaldiaguatuso@gmail.com",NA,NA,NA,NA,NA,NA,NA,NA,"+506 2464 0553",NA,NA,NA,NA,NA,list(c(-84.821294, -84.821629, -84.8216329, -84.8215312, -84.8215021, -84.8215046, -84.821301, -84.821294, 10.6702968, 10.6703033, 10.6701076, 10.6701056, 10.6700766, 10.6699482, 10.6699442, 10.6702968))
"450943155","450943155","Municipalidad de Aserrí","Aserrí",NA,NA,NA,"Calle 2",NA,"townhall",NA,NA,"yes",NA,NA,NA,NA,NA,NA,NA,NA,NA,NA,NA,NA,NA,NA,NA,NA,NA,NA,NA,list(c(-84.0934772, -84.0933471, -84.0930788, -84.0932089, -84.0934772, 9.8627884, 9.8625712, 9.8627272, 9.8629444, 9.8627884))
"474528165","474528165","Municipalidad de Turrubares","San Pablo",NA,NA,NA,"Calle 2",NA,"townhall",NA,NA,"yes",NA,NA,NA,NA,NA,NA,NA,NA,NA,"Municipio di Turrubares",NA,NA,NA,NA,NA,NA,NA,NA,NA,list(c(-84.4411289, -84.4410044, -84.4410551, -84.4411652, -84.4411742, -84.4411746, -84.4411289, 9.9084738, 9.9084309, 9.9082477, 9.9082854, 9.9082993, 9.9083183, 9.9084738))
"476944624","476944624","Municipalidad de Santo Domingo","Santo Domingo",NA,NA,NA,"Calle Central",NA,"townhall",NA,NA,"yes","1",NA,NA,NA,NA,NA,NA,NA,NA,NA,NA,NA,NA,NA,NA,NA,"municipality",NA,NA,list(c(-84.0911013, -84.0910717, -84.0913662, -84.0913957, -84.0911013, 9.9804052, 9.9807272, 9.9807534, 9.9804314, 9.9804052))
"499536631","499536631","Municipalidad de Tilarán","Tilarán",NA,NA,NA,"Calle 4",NA,"townhall",NA,NA,"yes",NA,NA,NA,NA,NA,NA,NA,NA,NA,"Municipio di Tilarán",NA,NA,NA,NA,NA,NA,NA,NA,NA,list(c(-84.9693776, -84.9689277, -84.9689509, -84.9690626, -84.9690519, -84.9693874, -84.9693776, 10.4715805, 10.471539, 10.4712877, 10.4712991, 10.4714242, 10.4714569, 10.4715805))
"503395324","503395324","Municipalidad de Zarcero","Zarcero",NA,NA,NA,"Avenida Central",NA,"townhall",NA,NA,"yes",NA,"Juan Alfaro Ruíz",NA,NA,NA,NA,NA,NA,NA,"Municipio di Zarcero",NA,NA,NA,NA,NA,NA,"municipality",NA,NA,list(c(-84.3925637, -84.3923791, -84.3923924, -84.3925787, -84.3925637, 10.1850293, 10.1850086, 10.1848841, 10.184903, 10.1850293))
"503624152","503624152","Municipalidad de Naranjo","Naranjo",NA,NA,NA,"Avenida Central",NA,"townhall",NA,NA,"yes",NA,NA,NA,NA,NA,NA,NA,NA,NA,NA,NA,NA,NA,NA,NA,NA,NA,NA,NA,list(c(-84.3779646, -84.3779976, -84.3783218, -84.3783051, -84.378343, -84.3783268, -84.3782318, -84.3779646, 10.0977133, 10.0974031, 10.0974365, 10.0975942, 10.0975981, 10.0977507, 10.0977409, 10.0977133))
"504274804","504274804","Municipalidad de Sarchí","Sarchí Norte",NA,NA,NA,"Calle 2",NA,"townhall",NA,NA,"yes",NA,NA,NA,NA,NA,NA,NA,NA,NA,"Municipio di Sarchí","Municipalidad de Valverde Vega",NA,NA,NA,NA,NA,NA,NA,NA,list(c(-84.3482673, -84.3484326, -84.3484764, -84.3485196, -84.3485322, -84.3484452, -84.3484258, -84.3483781, -84.3483299, -84.3482523, -84.3481987, -84.348137, -84.3481356, -84.3482067, -84.3482391, -84.3482621, -84.3482673, 10.0894648, 10.0894638, 10.0894262, 10.0893278, 10.0890793, 10.0890765, 10.0893777, 10.0892814, 10.08923, 10.0891853, 10.0891664, 10.0891572, 10.0893235, 10.0893483, 10.0893813, 10.0894199, 10.0894648))
"512385531","512385531","Municipalidad de Grecia","Grecia",NA,NA,NA,"Avenida León Cortés Castro",NA,"townhall",NA,NA,"yes",NA,NA,NA,NA,NA,NA,NA,NA,NA,NA,NA,NA,NA,NA,NA,NA,NA,NA,NA,list(c(-84.3121951, -84.3118434, -84.3118196, -84.3121699, -84.3121951, 10.0734475, 10.0735188, 10.0733967, 10.0733292, 10.0734475))
"516679004","516679004","Municipalidad de Poás","San Pedro",NA,NA,NA,"Avenida Central",NA,"townhall",NA,NA,"yes","2",NA,NA,NA,NA,NA,NA,NA,NA,"Municipio di Poás",NA,NA,NA,NA,NA,NA,NA,NA,NA,list(c(-84.2454809, -84.2454518, -84.2452479, -84.2452347, -84.2451041, -84.2451195, -84.2451263, -84.2452723, -84.2452878, -84.2454809, 10.0769412, 10.0767732, 10.0768022, 10.0767645, 10.076791, 10.0768679, 10.0769021, 10.0768735, 10.0769723, 10.0769412))
"530918587","530918587","Municipalidad de Talamanca","Bratsi",NA,NA,NA,"Avenida Central",NA,"townhall",NA,NA,"yes",NA,NA,NA,NA,NA,NA,NA,NA,NA,NA,NA,NA,NA,NA,NA,NA,"municipality",NA,NA,list(c(-82.8510993, -82.8512725, -82.8514505, -82.8512773, -82.8510993, 9.625403, 9.6255854, 9.6254211, 9.6252387, 9.625403))
"532602368","532602368","Municipalidad de Puerto Jiménez","Puerto Jiménez",NA,NA,NA,"Calle Central",NA,"townhall",NA,NA,"yes",NA,NA,NA,NA,NA,NA,NA,NA,NA,NA,NA,NA,NA,NA,NA,NA,"city",NA,NA,list(c(-83.3068683, -83.3068576, -83.3067087, -83.3066928, -83.3069433, -83.3069699, -83.3068683, 8.5388548, 8.5387791, 8.5387997, 8.5386874, 8.5386527, 8.5388407, 8.5388548))
"534966816","534966816","Municipalidad de Parrita","Parrita",NA,NA,"60901","Carretera Pacífica Fernández Oreamuno",NA,"townhall",NA,NA,"yes",NA,NA,NA,NA,NA,NA,NA,NA,NA,NA,NA,NA,NA,"+506 27778400",NA,NA,NA,NA,NA,list(c(-84.3621774, -84.3620206, -84.3618301, -84.361857, -84.3618992, -84.3620087, -84.3621153, -84.3620978, -84.3622962, -84.3621774, 9.5296152, 9.5295703, 9.5295158, 9.5294244, 9.5294365, 9.5290647, 9.5290953, 9.5291547, 9.5292115, 9.5296152))
"554543663","554543663","Municipalidad de San Isidro","San Isidro",NA,NA,NA,"Calle Central",NA,"townhall",NA,NA,"yes",NA,NA,NA,NA,NA,NA,NA,NA,NA,NA,NA,NA,NA,NA,NA,NA,NA,NA,NA,list(c(-84.0554308, -84.0554564, -84.0551657, -84.0550988, -84.0550899, -84.0552157, -84.0552111, -84.0554308, 10.0161391, 10.0164539, 10.0164641, 10.0164665, 10.016221, 10.0162165, 10.0161623, 10.0161391))
"559272769","559272769","Municipalidad de San Ramón","San Ramón",NA,NA,NA,"Avenida Juan Santamaría",NA,"townhall",NA,NA,"yes",NA,NA,NA,NA,NA,NA,NA,NA,NA,NA,NA,NA,NA,NA,NA,NA,NA,NA,NA,list(c(-84.4703736, -84.4705105, -84.4705148, -84.4704703, -84.4704376, -84.4704171, -84.4703836, -84.4704003, -84.4703033, -84.4702844, -84.4701685, -84.4701432, -84.4703519, -84.4703608, -84.4703673, -84.4703736, 10.0879253, 10.0879412, 10.0878941, 10.0878886, 10.0878846, 10.0878825, 10.0878787, 10.0877615, 10.0877444, 10.0878813, 10.0878658, 10.0880649, 10.0880914, 10.0880288, 10.0879772, 10.0879253))
"567840131","567840131","Municipalidad de San Pablo","San Pablo",NA,NA,NA,"Avenida 4",NA,"townhall",NA,NA,"yes",NA,NA,NA,NA,NA,NA,NA,NA,NA,NA,NA,NA,NA,NA,NA,NA,"municipality",NA,NA,list(c(-84.0984165, -84.0983471, -84.0984977, -84.0984348, -84.0981553, -84.0980526, -84.0980512, -84.0981702, -84.0982701, -84.0984165, 9.9949699, 9.9948095, 9.9947511, 9.9945586, 9.9946746, 9.9947283, 9.9948158, 9.9948181, 9.9950239, 9.9949699))
"586712400","586712400","Oficina - Municipalidad San Ramón","San Lorenzo",NA,NA,NA,"Carretera Dr. Juan Guillermo Ortiz Guier",NA,"townhall",NA,NA,"yes","1",NA,NA,NA,NA,NA,NA,NA,NA,NA,NA,NA,"Municipalidad San Ramón",NA,NA,NA,"city",NA,NA,list(c(-84.5342375, -84.5341924, -84.5343262, -84.5343683, -84.5342375, 10.3136759, 10.313637, 10.3134893, 10.3135267, 10.3136759))
"609591263","609591263","Municipalidad de Heredia","Heredia",NA,NA,"40101","Avenida Central Paseo de la Cultura",NA,"townhall",NA,NA,"yes",NA,NA,NA,NA,NA,NA,NA,NA,NA,NA,NA,NA,NA,NA,NA,NA,"municipality",NA,NA,list(c(-84.1163128, -84.1165232, -84.1165105, -84.1165024, -84.1163541, -84.1160487, -84.1159391, -84.115933, -84.115973, -84.1159783, -84.1159641, -84.1159701, -84.1160726, -84.1160714, -84.1161033, -84.1161026, -84.1161445, -84.1161434, -84.1162417, -84.1162446, -84.116312, -84.1163128, 9.9988219, 9.9988422, 9.9990855, 9.9992307, 9.9992131, 9.999182, 9.9991747, 9.9988835, 9.998883, 9.9988491, 9.998848, 9.998798, 9.9988046, 9.9988293, 9.9988318, 9.998846, 9.9988505, 9.998864, 9.9988724, 9.998834, 
9.9988394, 9.9988219))
"651765846","651765846","Municipalidad de Palmares","Palmares",NA,NA,NA,"Calle Central",NA,"townhall",NA,NA,"yes",NA,NA,NA,NA,NA,NA,NA,NA,"Municipalidad de Palmares","Municipio di Palmares",NA,NA,NA,NA,NA,NA,NA,NA,NA,list(c(-84.4338493, -84.4333256, -84.4331627, -84.4334178, -84.4335399, -84.4336052, -84.4336835, -84.4338493, 10.0566035, 10.0560612, 10.0562191, 10.0565005, 10.0566249, 10.0566884, 10.056761, 10.0566035))
"652825385","652825385",NA,NA,NA,NA,NA,NA,NA,NA,NA,NA,NA,NA,NA,NA,NA,NA,NA,NA,NA,NA,NA,NA,NA,NA,NA,NA,NA,NA,NA,NA,list(c(-84.0564352, -84.0562796, -84.0562425, -84.0561046, -84.0562413, -84.0562693, -84.0563182, -84.0565819, -84.0565978, -84.0568406, -84.0567942, -84.056704, -84.0565727, -84.0564352, 9.9452569, 9.9453415, 9.9453617, 9.9454367, 9.9456795, 9.9457307, 9.9457048, 9.9455607, 9.9455891, 9.9454571, 9.9453821, 9.9454311, 9.9455022, 9.9452569))
"655465033","655465033",NA,NA,NA,NA,NA,NA,NA,NA,NA,NA,NA,NA,NA,NA,NA,NA,NA,NA,NA,NA,NA,NA,NA,NA,NA,NA,NA,NA,NA,NA,list(c(-85.0153731, -85.0151664, -85.0151512, -85.0153579, -85.0153731, 10.8992682, 10.8992994, 10.8992023, 10.8991712, 10.8992682))
"655465034","655465034",NA,NA,NA,NA,NA,NA,NA,NA,NA,NA,NA,NA,NA,NA,NA,NA,NA,NA,NA,NA,NA,NA,NA,NA,NA,NA,NA,NA,NA,NA,list(c(-85.0153454, -85.0153333, -85.0152046, -85.015214, -85.0153454, 10.8990496, 10.8988811, 10.898889, 10.8990588, 10.8990496))
"655465035","655465035",NA,NA,NA,NA,NA,NA,NA,NA,NA,NA,NA,NA,NA,NA,NA,NA,NA,NA,NA,NA,NA,NA,NA,NA,NA,NA,NA,NA,NA,NA,list(c(-85.0149633, -85.0146761, -85.0146583, -85.0149455, -85.0149633, 10.8989889, 10.89903, 10.8989097, 10.8988686, 10.8989889))
"655465036","655465036",NA,NA,NA,NA,NA,NA,NA,NA,NA,NA,NA,NA,NA,NA,NA,NA,NA,NA,NA,NA,NA,NA,NA,NA,NA,NA,NA,NA,NA,NA,list(c(-85.0149419, -85.0149271, -85.0146878, -85.0147026, -85.0149419, 10.8992183, 10.8990787, 10.899103, 10.8992427, 10.8992183))
"655752386","655752386","Concejo Municipal Distrito Cervantes","Cervantes",NA,NA,NA,NA,NA,"townhall",NA,NA,"yes",NA,NA,NA,NA,NA,NA,NA,NA,NA,NA,NA,NA,"Municipalidad de Alvarado",NA,NA,NA,"town",NA,NA,list(c(-83.8097306, -83.8097015, -83.8097143, -83.8095469, -83.8095082, -83.809671, -83.8096832, -83.8097169, -83.8097306, 9.8878152, 9.8878216, 9.8878781, 9.8879148, 9.887744, 9.8877082, 9.8877619, 9.8877545, 9.8878152))
"678264040","678264040","Municipalidad de Garabito","Jacó",NA,NA,"61101","Avenida Pastor Díaz",NA,"townhall",NA,NA,"yes",NA,NA,NA,"Edificio Administrativo de la Municipalidad de Garabito",NA,NA,NA,"0",NA,NA,NA,NA,NA,"4060 2800",NA,NA,NA,"https://www.munigarabito.go.cr/","yes",list(c(-84.6221541, -84.6221791, -84.6221085, -84.6219951, -84.6220795, -84.6221541, 9.6100936, 9.6100421, 9.6098141, 9.6098514, 9.6101185, 9.6100936))
"719489369","719489369","Municipalidad de Escazú","Escazú",NA,NA,NA,"Calle 134",NA,"townhall",NA,NA,"yes",NA,NA,NA,NA,NA,NA,NA,NA,NA,NA,NA,NA,NA,NA,NA,NA,"city",NA,NA,list(c(-84.1403762, -84.1403496, -84.1399628, -84.1399895, -84.1403762, 9.9203763, 9.9207708, 9.9207454, 9.9203509, 9.9203763))
"727350200","727350200",NA,NA,NA,NA,NA,NA,NA,NA,NA,NA,NA,NA,NA,NA,NA,NA,NA,NA,NA,NA,NA,NA,NA,NA,NA,NA,NA,NA,NA,NA,list(c(-83.5325899, -83.5325116, -83.5324595, -83.5325346, -83.5325586, -83.5325632, -83.5325899, 8.9784658, 8.978416, 8.9785082, 8.978553, 8.9785151, 8.9785078, 8.9784658))
"727350201","727350201",NA,NA,NA,NA,NA,NA,NA,NA,NA,NA,NA,NA,NA,NA,NA,NA,NA,NA,NA,NA,NA,NA,NA,NA,NA,NA,NA,NA,NA,NA,list(c(-83.5327357, -83.5327906, -83.532747, -83.5326929, -83.5326656, -83.5325869, -83.532614, -83.5325616, -83.5326056, -83.5326517, -83.5326811, -83.5327654, -83.5327357, 8.9787187, 8.9787485, 8.9788268, 8.9787975, 8.9788467, 8.978804, 8.9787552, 8.9787267, 8.9786475, 8.9786725, 8.9786196, 8.9786654, 8.9787187))
"730238947","730238947",NA,NA,NA,NA,NA,NA,NA,NA,NA,NA,NA,NA,NA,NA,NA,NA,NA,NA,NA,NA,NA,NA,NA,NA,NA,NA,NA,NA,NA,NA,list(c(-83.0338067, -83.0338235, -83.0338041, -83.0338156, -83.0337368, -83.033743, -83.0336121, -83.033605, -83.0336961, -83.0336917, -83.0335961, -83.0335484, -83.0335147, -83.0334714, -83.0334457, -83.0334015, -83.0333661, -83.0332697, -83.0333325, -83.0333537, -83.03339, -83.0334139, -83.0334395, -83.0335156, -83.0335066, -83.0336114, -83.0336183, -83.0336422, -83.0336412, -83.0337068, -83.0337209, -83.0338067, 9.9924169, 9.9923054, 9.9923037, 9.9922287, 9.9922174, 9.9921808, 9.9921555, 9.9921904, 
9.9922104, 9.99224, 9.9922217, 9.992423, 9.9923577, 9.9923821, 9.9923429, 9.9923699, 9.9923193, 9.9923908, 9.9924579, 9.9924396, 9.9924901, 9.9924675, 9.9925049, 9.9924936, 9.9925323, 9.9925545, 9.992525, 9.9925293, 9.9925427, 9.9925222, 9.9924082, 9.9924169))
"730238948","730238948",NA,NA,NA,NA,NA,NA,NA,NA,NA,NA,NA,NA,NA,NA,NA,NA,NA,NA,NA,NA,NA,NA,NA,NA,NA,NA,NA,NA,NA,NA,list(c(-83.0334922, -83.0335503, -83.033337, -83.0333153, -83.0332895, -83.0332637, -83.0334419, -83.0334313, -83.0334922, 9.9920243, 9.9922353, 9.9922923, 9.9922136, 9.9922205, 9.9921268, 9.9920792, 9.9920406, 9.9920243))
"730238949","730238949",NA,NA,NA,NA,NA,NA,NA,NA,NA,NA,NA,NA,NA,NA,NA,NA,NA,NA,NA,NA,NA,NA,NA,NA,NA,NA,NA,NA,NA,NA,list(c(-83.0332905, -83.0332282, -83.0331438, -83.0331869, -83.0331601, -83.0331793, -83.0332905, 9.9923702, 9.9921712, 9.9921968, 9.9923344, 9.9923425, 9.9924039, 9.9923702))
"751695362","751695362","Asociación de Desarrollo Integral de la Reserva Indígena Cabécar de Ujarrás","Buenos Aires",NA,NA,NA,"Calle Ujarrás",NA,"townhall",NA,NA,"yes",NA,NA,NA,NA,NA,NA,NA,NA,NA,NA,NA,NA,NA,NA,NA,NA,"city",NA,NA,list(c(-83.3045848, -83.3045315, -83.3044097, -83.3043841, -83.3043492, -83.3044073, -83.3043626, -83.304379, -83.3044214, -83.3044354, -83.3044724, -83.3044843, -83.3044012, -83.3044113, -83.304519, -83.3044895, -83.3045848, 9.2311547, 9.2310342, 9.2310867, 9.2310567, 9.2310739, 9.231189, 9.231211, 9.2312436, 9.2312227, 9.2312388, 9.2312229, 9.2312498, 9.2312856, 9.2313087, 9.2312624, 9.2311958, 9.2311547))
"751915625","751915625",NA,NA,NA,NA,NA,NA,NA,NA,NA,NA,NA,NA,NA,NA,NA,NA,NA,NA,NA,NA,NA,NA,NA,NA,NA,NA,NA,NA,NA,NA,list(c(-84.1599876, -84.1600483, -84.1600141, -84.160031, -84.1599689, -84.1598914, -84.1599876, 10.0372416, 10.037402, 10.0374165, 10.0374596, 10.0374817, 10.0372778, 10.0372416))
"922313116","922313116","Municipalidad de Mora","Colón",NA,NA,NA,"Calle 4",NA,"townhall",NA,NA,"yes",NA,NA,NA,NA,NA,NA,NA,NA,NA,"Municipio di Mora",NA,NA,NA,NA,NA,NA,NA,NA,NA,list(c(-84.2427356, -84.2427218, -84.2423571, -84.2423789, -84.2424508, -84.2424479, -84.2424673, -84.2424623, -84.2427356, 9.9161963, 9.9160147, 9.9160417, 9.9163278, 9.9163225, 9.9162841, 9.9162827, 9.9162165, 9.9161963))
"947312131","947312131","Municipalidad de Pococí",NA,NA,NA,NA,NA,NA,"townhall",NA,NA,"yes",NA,NA,NA,NA,NA,NA,NA,NA,NA,NA,NA,NA,NA,NA,NA,NA,NA,NA,NA,list(c(-83.7888792, -83.7889247, -83.7894731, -83.7893997, -83.7889934, -83.7889889, -83.7888792, 10.2030675, 10.2027725, 10.2027518, 10.2030955, 10.203053, 10.2030835, 10.2030675))
"964877631","964877631",NA,NA,NA,NA,NA,NA,NA,"townhall",NA,NA,"yes",NA,NA,NA,NA,NA,NA,NA,NA,NA,NA,NA,NA,NA,NA,NA,NA,"city",NA,NA,list(c(-84.1856124, -84.1855943, -84.1854269, -84.1854425, -84.1856124, 9.9799057, 9.9798137, 9.9798431, 9.9799351, 9.9799057))
"998644650","998644650","Tesorería",NA,NA,NA,NA,NA,NA,"townhall",NA,NA,"yes",NA,NA,NA,NA,NA,NA,NA,NA,NA,NA,NA,NA,NA,NA,NA,NA,"municipality",NA,NA,list(c(-84.0567942, -84.0567143, -84.0566259, -84.056704, -84.0567942, 9.9453821, 9.9452459, 9.9452941, 9.9454311, 9.9453821))
"998644657","998644657",NA,NA,NA,NA,NA,NA,NA,NA,NA,NA,NA,NA,NA,NA,NA,NA,NA,NA,NA,NA,NA,NA,NA,NA,NA,"square",NA,NA,NA,NA,list(c(-84.056332, -84.0562816, -84.0562663, -84.0563167, -84.056332, 9.9455057, 9.9455326, 9.9455049, 9.9454779, 9.9455057))
"1036134769","1036134769","Concejo Municipal de Distrito Peñas Blancas",NA,NA,NA,NA,NA,NA,"townhall",NA,NA,"yes",NA,NA,NA,NA,NA,NA,NA,NA,NA,NA,NA,NA,"Municipalidad de San Ramón",NA,NA,NA,"city",NA,NA,list(c(-84.5786108, -84.5785248, -84.5784247, -84.5784358, -84.5783705, -84.5783698, -84.5782632, -84.5782646, -84.5785817, -84.5785673, -84.5786108, 10.3800149, 10.3800889, 10.3800115, 10.379841, 10.3798323, 10.3797688, 10.3797618, 10.379714, 10.3797319, 10.3799568, 10.3800149))
"1063752123","1063752123",NA,NA,NA,NA,NA,NA,NA,NA,NA,NA,NA,NA,NA,NA,NA,NA,NA,NA,NA,NA,NA,NA,NA,NA,NA,NA,NA,NA,NA,NA,list(c(-82.970104, -82.9700888, -82.9700653, -82.9700356, -82.9700556, -82.9700411, -82.9701199, -82.9701447, -82.9701779, -82.9703755, -82.9703645, -82.9701682, -82.970104, 8.8199199, 8.8199349, 8.819911, 8.8199479, 8.8199642, 8.81998, 8.8200571, 8.8200653, 8.820066, 8.8200346, 8.8199533, 8.8199861, 8.8199199))
"1063752124","1063752124",NA,NA,NA,NA,NA,NA,NA,NA,NA,NA,NA,NA,NA,NA,NA,NA,NA,NA,NA,NA,NA,NA,NA,NA,NA,NA,NA,NA,NA,NA,list(c(-82.9703852, -82.9702546, -82.970189, -82.9701496, -82.9701897, -82.9702256, -82.9702463, -82.9702857, -82.970247, -82.9702449, -82.9702753, -82.9702698, -82.9702318, -82.970256, -82.9702878, -82.9702988, -82.9702795, -82.9702836, -82.9703147, -82.9703258, -82.9703548, -82.9703838, -82.9703617, -82.9703914, -82.9703707, -82.9703983, -82.9704018, -82.9703852, 8.8199397, 8.8199554, 8.8198195, 8.8198434, 8.8197198, 8.8196815, 8.8196815, 8.8197198, 8.8197492, 8.819769, 8.8197751, 8.8198222, 8.8198229, 
8.8198796, 8.8198734, 8.8198372, 8.8198051, 8.8197737, 8.8197471, 8.8197669, 8.8197464, 8.8197908, 8.8198079, 8.8198523, 8.8199021, 8.8199076, 8.8199281, 8.8199397))
"1063752125","1063752125",NA,NA,NA,NA,NA,NA,NA,NA,NA,NA,NA,NA,NA,NA,NA,NA,NA,NA,NA,NA,NA,NA,NA,NA,NA,NA,NA,NA,NA,NA,list(c(-82.9700881, -82.9701316, -82.9700736, -82.9700293, -82.9700881, 8.819885, 8.8198304, 8.8197785, 8.8198318, 8.819885))
"1078301331","1078301331",NA,NA,NA,NA,NA,NA,NA,NA,NA,NA,NA,NA,NA,NA,NA,NA,NA,NA,NA,NA,NA,NA,NA,NA,NA,NA,NA,NA,NA,NA,list(c(-83.2893738, -83.2894817, -83.2893617, -83.2892528, -83.2893738, 10.0766919, 10.0764719, 10.0764136, 10.0766393, 10.0766919))
"1119483224","1119483224","Municipalidad de Abangares","Las Juntas",NA,NA,NA,"Avenida 1",NA,"townhall",NA,NA,"yes",NA,NA,NA,NA,NA,NA,NA,NA,NA,NA,NA,NA,NA,NA,NA,"KG Ground Survey 2015",NA,NA,NA,list(c(-84.9578989, -84.9577359, -84.9577178, -84.957866, -84.9578989, 10.2815765, 10.2814716, 10.2815144, 10.2816218, 10.2815765))
"1131624064","1131624064","Plantel Municipalidad de La Unión","San Rafael",NA,"Entronque RN-251",NA,"Calle Yerbabuena",NA,"townhall",NA,NA,"bodega",NA,NA,NA,NA,NA,NA,NA,NA,NA,NA,NA,NA,"Municipalidad de La Unión",NA,NA,NA,"city","https://launion.go.cr/",NA,list(c(-83.9804108, -83.9806692, -83.9804117, -83.9804006, -83.9799968, -83.9797773, -83.9795532, -83.9794598, -83.9793547, -83.9793179, -83.9802062, -83.9804108, 9.9090595, 9.9079765, 9.9080082, 9.9077319, 9.9078431, 9.9079696, 9.9082295, 9.908356, 9.9086298, 9.9087738, 9.9090039, 9.9090595))
"1176485579","1176485579","Municipalidad de Dota","Santa María",NA,NA,NA,"Avenida 1",NA,"townhall",NA,NA,"yes",NA,NA,NA,NA,NA,NA,NA,NA,NA,NA,NA,NA,NA,NA,NA,NA,"city",NA,NA,list(c(-83.9697434, -83.9697162, -83.9695545, -83.9695818, -83.9697434, 9.6531719, 9.6534984, 9.6534853, 9.6531587, 9.6531719))
